<core:FragmentDefinition xmlns="sap.m" xmlns:core="sap.ui.core">
	<TableSelectDialog id="DialogCondPriv" noDataText="No se ha encontrado datos" title="{i18n>TitleF4TransPri}" search=".handleSearchCondPriv"
		confirm=".handleCloseHpCondPriv" cancel=".handleCloseHpCondPriv" items="{ path : '/FapKredaSet' }" contentHeight="100%" contentWidth="70%">
		<ColumnListItem>
			<cells>
				<Text text="{Lifnr}"/>
				<Text text="{Mcod1}"/>
				<Text text="{Sortl}"/>
				<Text text="{Land1}"/>
				<Text text="{Mcod3}"/>
				<Text text="{Pstlz}"/>
			</cells>
		</ColumnListItem>
		<columns>
			<Column minScreenWidth="Tablet" demandPopin="true" width="100px">
				<header>
					<Text text="{i18n>F4Lifnr}"/>
				</header>
			</Column>
			<Column minScreenWidth="Tablet" demandPopin="true" width="300px">
				<header>
					<Text text="{i18n>F4Mcod1}"/>
				</header>
			</Column>
			<Column minScreenWidth="Tablet" demandPopin="true">
				<header>
					<Text text="{i18n>F4Sortl}"/>
				</header>
			</Column>
			<Column minScreenWidth="Tablet" demandPopin="true">
				<header>
					<Text text="{i18n>F4Land1}"/>
				</header>
			</Column>
			<Column minScreenWidth="Tablet" demandPopin="true">
				<header>
					<Text text="{i18n>F4Mcod3}"/>
				</header>
			</Column>
			<Column minScreenWidth="Tablet" demandPopin="true">
				<header>
					<Text text="{i18n>F4Pstlz}"/>
				</header>
			</Column>
		</columns>
	</TableSelectDialog>
</core:FragmentDefinition>