<core:FragmentDefinition xmlns="sap.m" xmlns:core="sap.ui.core">
	
  <TableSelectDialog id="myDialog" 
                       noDataText="No se ha encontrado datos" 
                       title="{i18n>TitleF4VDesMcia}" 
                       search=".handleSearchDesMcia" 
                       confirm=".handleCloseHpDesMcia" 
                       cancel=".handleCloseHpDesMcia" 
                       items="{ path : 'jsonTemplatePage>/HKna1' }"
                       contentHeight="100%"
					   contentWidth="50%">
        <ColumnListItem>
            <cells>
                <Text text="{jsonTemplatePage>Kunnr}" />
                <Text text="{jsonTemplatePage>Name1}"/>
            </cells>
        </ColumnListItem>

        <columns>
            <Column minScreenWidth="Tablet" demandPopin="true" width="200px">
                <header>
                    <Text text="{i18n>F4MciaId}" />
                </header>
            </Column>
            <Column minScreenWidth="Tablet" demandPopin="true">
                <header>
                     <Text text="{i18n>F4MciaText}" />
                </header>
            </Column>
        </columns>
    </TableSelectDialog>
</core:FragmentDefinition>