<core:FragmentDefinition xmlns="sap.m" xmlns:core="sap.ui.core">
	<TableSelectDialog id="DialogVkorg" noDataText="No se ha encontrado datos" title="{i18n>TitleF4Werks}" search=".handleSearchWerks"
		confirm=".handleCloseHpWerks" cancel=".handleCloseHpWerks" items="{ path : '/ZshLgortGreSet' }" contentHeight="100%" contentWidth="50%">
		<ColumnListItem>
			<cells>
				<Text text="{Werks}"/>
				<Text text="{Lgort}"/>
				<Text text="{Lgobe}"/>
			</cells>
		</ColumnListItem>
		<columns>
			<Column minScreenWidth="Tablet" demandPopin="true">
				<header>
					<Text text="{i18n>F4Werks}"/>
				</header>
			</Column>
			<Column minScreenWidth="Tablet" demandPopin="true">
				<header>
					<Text text="{i18n>F4Lgort}"/>
				</header>
			</Column>
			<Column minScreenWidth="Tablet" demandPopin="true">
				<header>
					<Text text="{i18n>F4Lgobe}"/>
				</header>
			</Column>
		</columns>
	</TableSelectDialog>
</core:FragmentDefinition>