<core:FragmentDefinition xmlns="sap.m" xmlns:core="sap.ui.core">
	
  <TableSelectDialog id="DialogMotivo" 
                       noDataText="No se ha encontrado datos" 
                       title="{i18n>TitleF4Motivo}" 
                       search=".handleSearchMotivo" 
                       confirm=".handleCloseHpMotivo" 
                       cancel=".handleCloseHpMotivo" 
                       items="{ path : '/ZshGreCat20Set' }" 
                       contentHeight="100%"
					   contentWidth="50%">

        <ColumnListItem>
            <cells>
                <Text text="{ZcoMot}" />
                <Text text="{ZdesMot}"/>
            </cells>
        </ColumnListItem>

        <columns>
            <Column minScreenWidth="Tablet" demandPopin="true" width="200px">
                <header>
                    <Text text="{i18n>IdZcoMot}" />
                </header>
            </Column>
            <Column minScreenWidth="Tablet" demandPopin="true">
                <header>
                     <Text text="{i18n>IdZdesMot}" />
                </header>
            </Column>
        </columns>
    </TableSelectDialog>
</core:FragmentDefinition>