<core:FragmentDefinition xmlns="sap.m" xmlns:core="sap.ui.core">
	<TableSelectDialog id="DialogTransPub2" noDataText="No se ha encontrado datos" title="{i18n>TitleF4VDesMcia}" search=".handleSearchClientSolic"
		confirm=".handleCloseHpClientSolic" cancel=".handleCloseHpClientSolic" items="{ path : '/DebiaSet' }" contentHeight="100%" contentWidth="70%">
		<ColumnListItem>
			<cells>
				<Text text="{Kunnr}"/>
				<Text text="{Mcod1}"/>
				<Text text="{Sortl}"/>
				<Text text="{Land1}"/>
				<Text text="{Mcod3}"/>
				<Text text="{Pstlz}"/>
			</cells>
		</ColumnListItem>
		<columns>
			<Column minScreenWidth="Tablet" demandPopin="true" width="200px">
				<header>
					<Text text="{i18n>F4MciaId}"/>
				</header>
			</Column>
			<Column minScreenWidth="Tablet" demandPopin="true">
				<header>
					<Text text="{i18n>F4MciaText}"/>
				</header>
			</Column>
			<Column minScreenWidth="Tablet" demandPopin="true">
				<header>
					<Text text="{i18n>F4SortlTp}"/>
				</header>
			</Column>
			<Column minScreenWidth="Tablet" demandPopin="true">
				<header>
					<Text text="{i18n>F4Land1Tp}"/>
				</header>
			</Column>
			<Column minScreenWidth="Tablet" demandPopin="true">
				<header>
					<Text text="{i18n>F4Mcod3Tp}"/>
				</header>
			</Column>
			<Column minScreenWidth="Tablet" demandPopin="true">
				<header>
					<Text text="{i18n>F4PstlzTp}"/>
				</header>
			</Column>
		</columns>
	</TableSelectDialog>
</core:FragmentDefinition>