<core:FragmentDefinition xmlns="sap.m" xmlns:core="sap.ui.core">
	<TableSelectDialog id="DialogWerksDest" noDataText="No se ha encontrado datos" title="{i18n>TitleF4WerksDest}" search=".handleSearchWerksDest"
		confirm=".handleCloseHpWerksDest" cancel=".handleCloseHpDest" items="{ path : '/AlmacenSet' }" contentHeight="100%" contentWidth="55%">
		<ColumnListItem>
			<cells>
				<Text text="{Werks}"/>
				<Text text="{Lgort}"/>
				<Text text="{Lgobe}"/>
				<Text text="{Direccion}"/>
			</cells>
		</ColumnListItem>
		<columns>
			<Column minScreenWidth="Tablet" demandPopin="true" width="80px">
				<header>
					<Text text="{i18n>F4Werks}"/>
				</header>
			</Column>
			<Column minScreenWidth="Tablet" demandPopin="true" width="80px">
				<header>
					<Text text="{i18n>F4Lgort}"/>
				</header>
			</Column>
			<Column minScreenWidth="Tablet" demandPopin="true" width="200px">
				<header>
					<Text text="{i18n>F4Lgobe}"/>
				</header>
			</Column>
			<Column minScreenWidth="Tablet" demandPopin="true">
				<header>
					<Text text="{i18n>F4Direccion}"/>
				</header>
			</Column>
		</columns>
	</TableSelectDialog>
</core:FragmentDefinition>