<core:FragmentDefinition xmlns="sap.m" xmlns:core="sap.ui.core">
	
  <TableSelectDialog id="DialogVkorg" 
                       noDataText="No se ha encontrado datos" 
                       title="{i18n>TitleF4Vkorg}" 
                       search=".handleSearch" 
                       confirm=".handleCloseHpOrgVent" 
                       cancel=".handleCloseHpOrgVent" 
                       items="{ path : '/HTvkoSet' }"
                       contentHeight="100%"
					   contentWidth="50%">
        <ColumnListItem>
            <cells>
                <Text text="{Vkorg}"/>
                <Text text="{Vtext}" />
            </cells>
        </ColumnListItem>

        <columns>
            <Column minScreenWidth="Tablet" demandPopin="true">
                <header>
                    <Text text="{i18n>F4VkorgId}" />
                </header>
            </Column>
            <Column minScreenWidth="Tablet" demandPopin="true">
                <header>
                     <Text text="{i18n>F4VkorgText}" />
                </header>
            </Column>
        </columns>
        
    </TableSelectDialog>
</core:FragmentDefinition>