{
    "application": {
        "id": "",
        "title": "ZSD_APP_GREMI.ZSD_APP_GREMI.ZSD_APP_GREMI",
        "description": "Guía de Remisión Manual",
        "type": "SAP_UI5_Component",
        "componentUrl": "/",
        "appUrl": "#ZSD_APP_GREMI-Display",
        "navigationComponentName": "ZSD_APP_GREMI.ZSD_APP_GREMI",
        "intentSemanticObject": "ZSD_APP_GREMI",
        "intentAction": "Display",
        "html5ApplicationName": "zsdappgremi",
        "HCPParentApplicationName": ""
    },
    "assignment": {
        "groups": [
            "9b81f25d-b123-44a1-a802-d0d6a3ab015f"
        ],
        "contentPackages": [
            "1014ab2e-705f-439e-afe0-bffcedba7dbf"
        ],
        "categories": []
    },
    "tile": {
        "type": "StaticTile",
        "title": "Guía de Remisión",
        "subtitle": "Gestión",
        "searchKeywords": "Guía de Remisión,Gestión",
        "displayIconUrl": "sap-icon://approvals",
        "displayInfoText": "",
        "size": "1x1",
        "serviceURL": "",
        "refreshInterval": ""
    }
}